#,Name,Formula, Intensity, Threshold, Expected m/z, Found at m/z, Error (ppm),Expected RT (min),Found RT (min),RT Delta (min),Isotope Diff (%),Purity (%)
1,NA,No data for Formula xcm,597102.3897,250,144.1746763,144.1740891,-4.073100737,5.500916481,5.509559278,0.008642797,0.032769902,N/A
2,NA,No data for Formula xcm,654778.9093,250,229.2274402,229.2272713,-0.737174209,6.303850174,6.316749736,0.012899562,0.033517703,N/A
3,NA,No data for Formula xcm,17117.9078,250,53.01693734,53.0168393,-1.849264362,13.80696678,13.80696667,1.15E-07,No data for Isoptope Ratio Diff From Expected xcm,N/A
4,NA,No data for Formula xcm,272607,250,96.0448185,96.04490826,0.934482038,3.994966745,3.877829022,0.117137723,No data for Isoptope Ratio Diff From Expected xcm,N/A
5,NA,No data for Formula xcm,179368.2556,250,110.0599894,110.0599602,-0.265618005,3.994966745,3.868575372,0.126391373,No data for Isoptope Ratio Diff From Expected xcm,N/A
6,NA,No data for Formula xcm,159414,250,114.0911485,114.0912303,0.717166983,6.187666893,6.221298878,0.033631985,No data for Isoptope Ratio Diff From Expected xcm,N/A
7,NA,No data for Formula xcm,35423,250,116.0700598,116.0703587,2.575473382,5.64471674,5.759562549,0.11484581,No data for Isoptope Ratio Diff From Expected xcm,N/A
8,NA,No data for Formula xcm,142633,250,120.0553895,120.0554251,0.296673586,6.586933136,6.578603218,0.008329918,No data for Isoptope Ratio Diff From Expected xcm,N/A
9,NA,No data for Formula xcm,49140.50604,250,121.1222433,121.1221957,-0.39286593,13.80696678,13.84978674,0.042819958,No data for Isoptope Ratio Diff From Expected xcm,N/A
10,NA,No data for Formula xcm,122942,250,122.0596699,122.0595356,-1.100039308,5.717199802,5.732559847,0.015360045,No data for Isoptope Ratio Diff From Expected xcm,N/A
11,NA,No data for Formula xcm,22318.72367,250,130.0646183,130.0644785,-1.074926711,5.320266724,5.332617478,0.012350754,No data for Isoptope Ratio Diff From Expected xcm,N/A
12,NA,No data for Formula xcm,2104466.43,250,130.1586149,130.1585818,-0.25430392,5.483099937,5.478655707,0.00444423,No data for Isoptope Ratio Diff From Expected xcm,N/A
13,NA,No data for Formula xcm,248750.2618,250,131.1619278,131.1616829,-1.867000419,5.48271656,5.478784692,0.003931868,No data for Isoptope Ratio Diff From Expected xcm,N/A
14,NA,No data for Formula xcm,32259.31487,250,133.0516905,133.07522,176.844379,5.145450115,5.3929266,0.247476485,No data for Isoptope Ratio Diff From Expected xcm,N/A
15,NA,No data for Formula xcm,43562.69723,250,133.0756282,133.0751909,-3.285877826,5.446100235,5.409770004,0.036330231,No data for Isoptope Ratio Diff From Expected xcm,N/A
16,NA,No data for Formula xcm,890166,250,134.0709626,134.0709818,0.142792314,6.973633289,7.003457363,0.029824073,No data for Isoptope Ratio Diff From Expected xcm,N/A
17,NA,No data for Formula xcm,52946,250,135.0795015,135.0798386,2.495762154,6.641816616,6.617782949,0.024033667,No data for Isoptope Ratio Diff From Expected xcm,N/A
18,NA,No data for Formula xcm,322558,250,136.0746075,136.0751796,4.204145765,6.224066734,6.25176233,0.027695595,No data for Isoptope Ratio Diff From Expected xcm,N/A
19,NA,No data for Formula xcm,91132.63794,250,137.1065716,137.1067561,1.345266814,5.375683308,5.365428401,0.010254906,No data for Isoptope Ratio Diff From Expected xcm,N/A
20,NA,No data for Formula xcm,46953,250,138.0908489,138.0907564,-0.669695363,5.554383278,5.552370762,0.002012516,No data for Isoptope Ratio Diff From Expected xcm,N/A
21,NA,No data for Formula xcm,9662.746111,250,139.0380598,139.0388841,5.928097595,6.32248354,6.341958587,0.019475047,No data for Isoptope Ratio Diff From Expected xcm,N/A
22,NA,No data for Formula xcm,27909.79243,250,145.0750986,145.0750375,-0.421322461,5.19054985,5.152428482,0.038121369,No data for Isoptope Ratio Diff From Expected xcm,N/A
23,NA,No data for Formula xcm,55678,250,146.0591759,146.0591233,-0.360326722,6.807549953,6.804393362,0.003156592,No data for Isoptope Ratio Diff From Expected xcm,N/A
24,NA,No data for Formula xcm,93967,250,148.1115522,148.1112307,-2.170782996,5.807883263,5.808371743,0.00048848,No data for Isoptope Ratio Diff From Expected xcm,N/A
25,NA,No data for Formula xcm,234756,250,150.0907405,150.090634,-0.709581059,6.696866512,6.719964242,0.02309773,No data for Isoptope Ratio Diff From Expected xcm,N/A
26,NA,No data for Formula xcm,154914,250,150.1269732,150.1267187,-1.694737633,5.572533131,5.573815458,0.001282328,No data for Isoptope Ratio Diff From Expected xcm,N/A
27,NA,No data for Formula xcm,31329.30282,250,151.0398033,151.0316526,-53.9636786,6.271533489,6.221485298,0.050048191,No data for Isoptope Ratio Diff From Expected xcm,N/A
28,NA,No data for Formula xcm,17768,250,153.0541119,153.0537051,-2.658407126,6.742599964,6.762687723,0.020087759,No data for Isoptope Ratio Diff From Expected xcm,N/A
29,NA,No data for Formula xcm,215074,250,155.1164724,155.1142385,-14.40147755,6.421983242,6.457556792,0.03557355,No data for Isoptope Ratio Diff From Expected xcm,N/A
30,NA,No data for Formula xcm,32804,250,158.0955258,158.0954568,-0.436062218,5.518149853,5.511265495,0.006884358,No data for Isoptope Ratio Diff From Expected xcm,N/A
31,NA,No data for Formula xcm,322284.0666,250,158.1893381,158.1895553,1.37281576,6.003966808,6.013996436,0.010029628,No data for Isoptope Ratio Diff From Expected xcm,N/A
32,NA,No data for Formula xcm,214894,250,158.1895026,158.1894707,-0.201313484,6.256216526,6.101736181,0.154480345,No data for Isoptope Ratio Diff From Expected xcm,N/A
33,NA,No data for Formula xcm,31139,250,159.064596,159.0465515,-113.4410007,6.024549961,6.05802298,0.033473019,No data for Isoptope Ratio Diff From Expected xcm,N/A
34,NA,No data for Formula xcm,91981.31475,250,160.0747504,160.0750171,1.665745207,7.103016853,7.111161157,0.008144303,No data for Isoptope Ratio Diff From Expected xcm,N/A
35,NA,No data for Formula xcm,13666,250,165.0553881,165.0530312,-14.27967841,6.557266712,6.566593256,0.009326544,No data for Isoptope Ratio Diff From Expected xcm,N/A
36,NA,No data for Formula xcm,55836.45892,250,169.0753666,169.0752189,-0.87370001,5.717199802,5.726740415,0.009540612,No data for Isoptope Ratio Diff From Expected xcm,N/A
37,NA,No data for Formula xcm,235201,250,174.090784,174.0905818,-1.161703471,7.437333107,7.426735968,0.010597139,No data for Isoptope Ratio Diff From Expected xcm,N/A
38,NA,No data for Formula xcm,119744.2358,250,176.1423417,176.1424232,0.46296068,5.695866585,5.720275259,0.024408674,No data for Isoptope Ratio Diff From Expected xcm,N/A
39,NA,No data for Formula xcm,138192.6695,250,177.0903328,177.0909742,3.621574149,6.421983242,6.427425689,0.005442447,No data for Isoptope Ratio Diff From Expected xcm,N/A
40,NA,No data for Formula xcm,637848,250,186.2211846,186.2211294,-0.29669088,6.639783382,6.633393147,0.006390235,No data for Isoptope Ratio Diff From Expected xcm,N/A
41,NA,No data for Formula xcm,93268.00422,250,188.105886,188.1063447,2.438474618,7.697750092,7.703912161,0.00616207,No data for Isoptope Ratio Diff From Expected xcm,N/A
42,NA,No data for Formula xcm,76505.21594,250,188.1418641,188.1422532,2.068031898,5.822766781,5.821826726,0.000940055,No data for Isoptope Ratio Diff From Expected xcm,N/A
43,NA,No data for Formula xcm,347529,250,188.1638761,188.1638022,-0.39295712,7.530666828,7.518511011,0.012155817,No data for Isoptope Ratio Diff From Expected xcm,N/A
44,NA,No data for Formula xcm,5759.619757,250,190.0504985,190.0474501,-16.03992983,6.538000107,6.391572782,0.146427325,No data for Isoptope Ratio Diff From Expected xcm,N/A
45,NA,No data for Formula xcm,324934.5078,250,193.1213718,193.1212056,-0.860746807,7.339099884,7.327883012,0.011216872,No data for Isoptope Ratio Diff From Expected xcm,N/A
46,NA,No data for Formula xcm,599856,250,193.1428416,193.1428503,0.045339955,6.599133492,6.607288683,0.008155192,No data for Isoptope Ratio Diff From Expected xcm,N/A
47,NA,No data for Formula xcm,263837,250,196.075344,196.0749663,-1.926311611,7.616799831,7.611597889,0.005201942,No data for Isoptope Ratio Diff From Expected xcm,N/A
48,NA,No data for Formula xcm,121640.3727,250,199.1226708,199.1223303,-1.710138003,5.020599842,5.039958182,0.01935834,No data for Isoptope Ratio Diff From Expected xcm,N/A
49,NA,No data for Formula xcm,98614,250,199.1430548,199.142994,-0.305050087,5.41174984,5.410630244,0.001119596,No data for Isoptope Ratio Diff From Expected xcm,N/A
50,NA,No data for Formula xcm,334006,250,200.2365408,200.236687,0.730228919,6.602983475,6.58499293,0.017990545,No data for Isoptope Ratio Diff From Expected xcm,N/A
51,NA,No data for Formula xcm,584376.2125,250,207.1483856,207.1484069,0.102652492,5.268099785,5.265848898,0.002250887,No data for Isoptope Ratio Diff From Expected xcm,N/A
52,NA,No data for Formula xcm,780069.2671,250,207.1485804,207.1486463,0.318400039,4.112566471,4.154677713,0.042111242,No data for Isoptope Ratio Diff From Expected xcm,N/A
53,NA,No data for Formula xcm,84566.60479,250,208.1508201,208.1516899,4.178990283,5.266300201,5.263624687,0.002675514,No data for Isoptope Ratio Diff From Expected xcm,N/A
54,NA,No data for Formula xcm,593598.8922,250,209.1378557,209.1375958,-1.242985503,6.027699947,6.030294233,0.002594286,No data for Isoptope Ratio Diff From Expected xcm,N/A
55,NA,No data for Formula xcm,204873.322,250,210.090821,210.0907865,-0.164111086,7.802649975,7.847477047,0.044827073,No data for Isoptope Ratio Diff From Expected xcm,N/A
56,NA,No data for Formula xcm,384895.5918,250,210.1695244,210.1693643,-0.762066466,6.602983475,6.600916142,0.002067332,No data for Isoptope Ratio Diff From Expected xcm,N/A
57,NA,No data for Formula xcm,223681.8511,250,211.1317891,211.1323196,2.512491304,7.604849815,7.580982412,0.023867403,No data for Isoptope Ratio Diff From Expected xcm,N/A
58,NA,No data for Formula xcm,112257,250,214.2516167,214.252427,3.78194925,6.87681675,6.892425569,0.01560882,No data for Isoptope Ratio Diff From Expected xcm,N/A
59,NA,No data for Formula xcm,155971.5798,250,218.2106577,218.2108574,0.915079771,6.238166809,6.224764284,0.013402525,No data for Isoptope Ratio Diff From Expected xcm,N/A
60,NA,No data for Formula xcm,243671.7675,250,219.0871948,219.0710488,-73.69652269,5.985516548,6.096969239,0.111452691,No data for Isoptope Ratio Diff From Expected xcm,N/A
61,NA,No data for Formula xcm,151018.328,250,221.1743841,221.1736717,-3.220844079,7.450266838,7.471331949,0.021065111,No data for Isoptope Ratio Diff From Expected xcm,N/A
62,NA,No data for Formula xcm,288338,250,226.164445,226.1642424,-0.895658278,6.027699947,6.041205968,0.013506021,No data for Isoptope Ratio Diff From Expected xcm,N/A
63,NA,No data for Formula xcm,39540.5648,250,227.1744916,227.1684733,-26.49201014,6.224066734,6.035597523,0.188469211,No data for Isoptope Ratio Diff From Expected xcm,N/A
64,NA,No data for Formula xcm,191260.8995,250,228.1585059,228.1590198,2.252443306,7.084433556,7.073570196,0.01086336,No data for Isoptope Ratio Diff From Expected xcm,N/A
65,NA,No data for Formula xcm,355401.4419,250,228.1594377,228.1589578,-2.103372193,7.586299896,7.590498361,0.004198465,No data for Isoptope Ratio Diff From Expected xcm,N/A
66,NA,No data for Formula xcm,530804.1945,250,228.2679772,228.268561,2.557693403,6.83983326,6.857269181,0.017435921,No data for Isoptope Ratio Diff From Expected xcm,N/A
67,NA,No data for Formula xcm,817969.506,250,231.1201452,231.1197696,-1.624852054,6.044433117,6.038564968,0.005868149,No data for Isoptope Ratio Diff From Expected xcm,N/A
68,NA,No data for Formula xcm,416418.2082,250,233.1141503,233.1141869,0.156914549,7.604849815,7.389785254,0.215064561,No data for Isoptope Ratio Diff From Expected xcm,N/A
69,NA,No data for Formula xcm,222701.7561,250,235.179345,235.179599,1.07983663,5.41174984,5.424002368,0.012252528,No data for Isoptope Ratio Diff From Expected xcm,N/A
70,NA,No data for Formula xcm,122396.4104,250,235.1901053,235.190017,-0.375699552,7.689166546,7.694676989,0.005510443,No data for Isoptope Ratio Diff From Expected xcm,N/A
71,NA,No data for Formula xcm,717535.1354,250,237.1693001,237.1694612,0.678928182,6.74725008,6.757175341,0.009925261,No data for Isoptope Ratio Diff From Expected xcm,N/A
72,NA,No data for Formula xcm,150609.609,250,238.2012733,238.2004848,-3.310325225,7.486316681,7.465154167,0.021162514,No data for Isoptope Ratio Diff From Expected xcm,N/A
73,NA,No data for Formula xcm,223526.1046,250,238.9980922,238.9982375,0.607794823,5.990933418,5.96882238,0.022111038,No data for Isoptope Ratio Diff From Expected xcm,N/A
74,NA,No data for Formula xcm,29795,250,241.1435369,241.1604432,70.1088404,8.336866379,8.149449128,0.18741725,No data for Isoptope Ratio Diff From Expected xcm,N/A
75,NA,No data for Formula xcm,79971.68079,250,243.119499,243.1199771,1.966494864,6.133816719,6.183667243,0.049850524,No data for Isoptope Ratio Diff From Expected xcm,N/A
76,NA,No data for Formula xcm,133697.9045,250,243.1566096,243.1559436,-2.738788241,7.486316681,7.46570554,0.020611141,No data for Isoptope Ratio Diff From Expected xcm,N/A
77,NA,No data for Formula xcm,466437.9837,250,243.2792082,243.2793635,0.638300004,6.366466522,6.357125294,0.009341228,No data for Isoptope Ratio Diff From Expected xcm,N/A
78,NA,No data for Formula xcm,263634.4675,250,244.2056885,244.2056152,-0.300251843,6.385016441,6.401850619,0.016834177,No data for Isoptope Ratio Diff From Expected xcm,N/A
79,NA,No data for Formula xcm,156693.1747,250,246.2423066,246.2420629,-0.989810796,6.599133492,6.594500368,0.004633124,No data for Isoptope Ratio Diff From Expected xcm,N/A
80,NA,No data for Formula xcm,5035293.244,250,248.2372141,248.2371362,-0.314114973,6.494100094,6.497328699,0.003228605,No data for Isoptope Ratio Diff From Expected xcm,N/A
81,NA,No data for Formula xcm,2835191.51,250,251.1849947,251.1854632,1.86523585,7.062049866,7.052826862,0.009223004,No data for Isoptope Ratio Diff From Expected xcm,N/A
82,NA,No data for Formula xcm,627633.1585,250,253.1642715,253.1643807,0.431601423,6.174316883,6.19821934,0.023902457,No data for Isoptope Ratio Diff From Expected xcm,N/A
83,NA,No data for Formula xcm,146533.4508,250,254.9934182,254.9933408,-0.30349725,5.572716713,5.580764759,0.008048046,No data for Isoptope Ratio Diff From Expected xcm,N/A
84,NA,No data for Formula xcm,13680216.22,250,257.2589712,257.2589345,-0.142711105,6.65806675,6.668825375,0.010758625,No data for Isoptope Ratio Diff From Expected xcm,N/A
85,NA,No data for Formula xcm,521473.3941,250,258.2212302,258.22121,-0.078170337,6.512033463,6.500685974,0.011347489,No data for Isoptope Ratio Diff From Expected xcm,N/A
86,NA,No data for Formula xcm,309043.9115,250,259.1796145,259.1798893,1.060537314,5.877500057,5.873228154,0.004271903,No data for Isoptope Ratio Diff From Expected xcm,N/A
87,NA,No data for Formula xcm,533028.8826,250,259.1798347,259.1798989,0.247744009,5.624483109,5.636455783,0.011972674,No data for Isoptope Ratio Diff From Expected xcm,N/A
88,NA,No data for Formula xcm,259680.3558,250,259.2648291,259.2650142,0.713934481,6.676400185,6.665952727,0.010447458,No data for Isoptope Ratio Diff From Expected xcm,N/A
89,NA,No data for Formula xcm,71020.58139,250,261.1948959,261.1953344,1.679003444,5.731733322,5.674141322,0.057592,No data for Isoptope Ratio Diff From Expected xcm,N/A
90,NA,No data for Formula xcm,296823.0476,250,265.2010356,265.2003259,-2.675905721,7.468683243,7.48607728,0.017394037,No data for Isoptope Ratio Diff From Expected xcm,N/A
91,NA,No data for Formula xcm,807754.168,250,267.1799995,267.1801365,0.51269117,6.488800049,6.515251918,0.026451869,No data for Isoptope Ratio Diff From Expected xcm,N/A
92,NA,No data for Formula xcm,404204.783,250,268.0252549,268.0251902,-0.24163583,6.403483391,6.404248618,0.000765227,No data for Isoptope Ratio Diff From Expected xcm,N/A
93,NA,No data for Formula xcm,546495.8192,250,268.2114615,268.2116813,0.819245046,7.080483437,7.055888498,0.024594939,No data for Isoptope Ratio Diff From Expected xcm,N/A
94,NA,No data for Formula xcm,1017009.192,250,270.1912582,270.1913324,0.274806101,6.207233429,6.198780099,0.00845333,No data for Isoptope Ratio Diff From Expected xcm,N/A
95,NA,No data for Formula xcm,396022.3885,250,270.3152149,270.3154469,0.858151454,6.933650017,6.919155538,0.014494479,No data for Isoptope Ratio Diff From Expected xcm,N/A
96,NA,No data for Formula xcm,88813.83949,250,271.0243785,271.0248039,1.569461344,5.713783264,5.729774826,0.015991562,No data for Isoptope Ratio Diff From Expected xcm,N/A
97,NA,No data for Formula xcm,132458.653,250,271.1941238,271.1944543,1.21861514,6.171333313,6.202067446,0.030734133,No data for Isoptope Ratio Diff From Expected xcm,N/A
98,NA,No data for Formula xcm,1226750.571,250,271.2744193,271.2744843,0.239682957,6.749899864,6.741060133,0.008839731,No data for Isoptope Ratio Diff From Expected xcm,N/A
99,NA,No data for Formula xcm,362712.8898,250,272.2946798,272.2949192,0.879185143,6.878600121,6.873912323,0.004687798,No data for Isoptope Ratio Diff From Expected xcm,N/A
100,NA,No data for Formula xcm,33892.15818,250,273.1233125,273.1302964,25.57036559,6.157316685,5.993467014,0.163849671,No data for Isoptope Ratio Diff From Expected xcm,N/A
101,NA,No data for Formula xcm,2457917.392,250,273.1671507,273.1675612,1.502639315,7.025149822,7.054795,0.029645178,No data for Isoptope Ratio Diff From Expected xcm,N/A
102,NA,No data for Formula xcm,369120.714,250,274.1695987,274.1705677,3.534492633,7.06588316,7.056533491,0.009349668,No data for Isoptope Ratio Diff From Expected xcm,N/A
103,NA,No data for Formula xcm,231228.4435,250,274.2738999,274.2738609,-0.142208243,6.83983326,6.862985253,0.023151993,No data for Isoptope Ratio Diff From Expected xcm,N/A
104,NA,No data for Formula xcm,953471.116,250,275.1461951,275.1464538,0.940127793,6.174316883,6.200320043,0.02600316,No data for Isoptope Ratio Diff From Expected xcm,N/A
105,NA,No data for Formula xcm,128021.5341,250,276.1501862,276.1498622,-1.173255485,6.171333313,6.200195424,0.028862111,No data for Isoptope Ratio Diff From Expected xcm,N/A
106,NA,No data for Formula xcm,3963348.324,250,276.2687553,276.2687986,0.156867964,6.76821661,6.774350255,0.006133645,No data for Isoptope Ratio Diff From Expected xcm,N/A
107,NA,No data for Formula xcm,559639.7983,250,277.2005591,277.2002404,-1.149780944,7.523733139,7.542678256,0.018945117,No data for Isoptope Ratio Diff From Expected xcm,N/A
108,NA,No data for Formula xcm,434590.6585,250,279.0933169,279.0931097,-0.742359139,7.604849815,7.613892951,0.009043135,No data for Isoptope Ratio Diff From Expected xcm,N/A
109,NA,No data for Formula xcm,538161.9004,250,279.2166258,279.216626,0.000484089,7.670866489,7.695098729,0.02423224,No data for Isoptope Ratio Diff From Expected xcm,N/A
110,NA,No data for Formula xcm,93071.30105,250,280.096554,280.0968025,0.887243842,7.679249763,7.61566776,0.063582004,No data for Isoptope Ratio Diff From Expected xcm,N/A
111,NA,No data for Formula xcm,96677.6836,250,280.2190535,280.218743,-1.107959608,7.697750092,7.697671585,7.85E-05,No data for Isoptope Ratio Diff From Expected xcm,N/A
112,NA,No data for Formula xcm,595206.2153,250,281.1956828,281.195747,0.228367294,6.802800179,6.810308793,0.007508614,No data for Isoptope Ratio Diff From Expected xcm,N/A
113,NA,No data for Formula xcm,1058255.964,250,284.2068296,284.2067885,-0.144867422,6.513299942,6.516069812,0.00276987,No data for Isoptope Ratio Diff From Expected xcm,N/A
114,NA,No data for Formula xcm,17548945.16,250,285.2903477,285.2902493,-0.344699695,6.915333271,6.923713684,0.008380413,No data for Isoptope Ratio Diff From Expected xcm,N/A
115,NA,No data for Formula xcm,4351485.27,250,286.2926833,286.2936218,3.278314482,7.025149822,6.918286195,0.106863628,No data for Isoptope Ratio Diff From Expected xcm,N/A
116,NA,No data for Formula xcm,92693.63999,250,287.1459368,287.1465931,2.285546586,6.32248354,6.329857814,0.007374274,No data for Isoptope Ratio Diff From Expected xcm,N/A
117,NA,No data for Formula xcm,242658.6357,250,287.1828376,287.1822432,-2.069816271,7.450266838,7.479067073,0.028800235,No data for Isoptope Ratio Diff From Expected xcm,N/A
118,NA,No data for Formula xcm,508740.8333,250,287.2961745,287.296212,0.130468727,6.897016525,6.917787252,0.020770726,No data for Isoptope Ratio Diff From Expected xcm,N/A
119,NA,No data for Formula xcm,60826.69376,250,288.2894391,288.2977122,28.69736311,6.936816692,6.907933922,0.028882771,No data for Isoptope Ratio Diff From Expected xcm,N/A
120,NA,No data for Formula xcm,1111434.926,250,289.1620007,289.1624379,1.512030648,6.514183521,6.513445331,0.000738191,No data for Isoptope Ratio Diff From Expected xcm,N/A
121,NA,No data for Formula xcm,153885.838,250,290.1651591,290.1654158,0.88481569,6.495283127,6.511759293,0.016476166,No data for Isoptope Ratio Diff From Expected xcm,N/A
122,NA,No data for Formula xcm,47968.74687,250,291.1423004,291.1199693,-76.70157341,6.080850124,6.202846926,0.121996802,No data for Isoptope Ratio Diff From Expected xcm,N/A
123,NA,No data for Formula xcm,376712.7477,250,291.2160167,291.2159472,-0.238472303,7.725683212,7.722570894,0.003112318,No data for Isoptope Ratio Diff From Expected xcm,N/A
124,NA,No data for Formula xcm,217999.005,250,293.232407,293.2315577,-2.896410835,7.872066498,7.887419771,0.015353273,No data for Isoptope Ratio Diff From Expected xcm,N/A
125,NA,No data for Formula xcm,103864.0185,250,294.1545428,294.15432,-0.757655205,6.821316719,6.838923145,0.017606426,No data for Isoptope Ratio Diff From Expected xcm,N/A
126,NA,No data for Formula xcm,610085.066,250,294.2268933,294.2271612,0.910643816,7.560916901,7.548513408,0.012403493,No data for Isoptope Ratio Diff From Expected xcm,N/A
127,NA,No data for Formula xcm,30536,250,295.1302406,295.1322245,6.722055606,8.111949921,8.099206467,0.012743453,No data for Isoptope Ratio Diff From Expected xcm,N/A
128,NA,No data for Formula xcm,680434.971,250,295.2112569,295.2113726,0.392158057,7.062049866,7.087552899,0.025503034,No data for Isoptope Ratio Diff From Expected xcm,N/A
129,NA,No data for Formula xcm,527617.9215,250,296.243191,296.2428837,-1.037364251,7.670866489,7.692639749,0.02177326,No data for Isoptope Ratio Diff From Expected xcm,N/A
130,NA,No data for Formula xcm,240907.5209,250,297.1907759,297.1907312,-0.150193628,6.333316803,6.325517115,0.007799688,No data for Isoptope Ratio Diff From Expected xcm,N/A
131,NA,No data for Formula xcm,779544.8846,250,298.2225753,298.2227138,0.464357179,6.802800179,6.815299149,0.012498971,No data for Isoptope Ratio Diff From Expected xcm,N/A
132,NA,No data for Formula xcm,292633.1688,250,298.3462497,298.3466751,1.425886479,7.099016666,7.09320368,0.005812987,No data for Isoptope Ratio Diff From Expected xcm,N/A
133,NA,No data for Formula xcm,59596.54495,250,299.1100341,299.1104656,1.442533791,6.83983326,6.833339434,0.006493825,No data for Isoptope Ratio Diff From Expected xcm,N/A
134,NA,No data for Formula xcm,478367.1535,250,299.1822854,299.1824093,0.414173555,7.579299927,7.550766943,0.028532984,No data for Isoptope Ratio Diff From Expected xcm,N/A
135,NA,No data for Formula xcm,127682.3926,250,299.2249412,299.225375,1.449608828,6.838616848,6.812249653,0.026367195,No data for Isoptope Ratio Diff From Expected xcm,N/A
136,NA,No data for Formula xcm,937448.0527,250,299.3054553,299.306088,2.113770943,6.95114994,6.967607314,0.016457373,No data for Isoptope Ratio Diff From Expected xcm,N/A
137,NA,No data for Formula xcm,363061.8775,250,301.1985085,301.1977707,-2.449478272,7.707550049,7.697104596,0.010445453,No data for Isoptope Ratio Diff From Expected xcm,N/A
138,NA,No data for Formula xcm,806668.7375,250,303.1778401,303.1781233,0.93413032,6.802800179,6.813856256,0.011056078,No data for Isoptope Ratio Diff From Expected xcm,N/A
139,NA,No data for Formula xcm,146806.7486,250,304.1811681,304.1808305,-1.110172365,6.844649792,6.809281091,0.0353687,No data for Isoptope Ratio Diff From Expected xcm,N/A
140,NA,No data for Formula xcm,14972876.27,250,304.2996194,304.3003004,2.237846554,6.98813343,6.993283969,0.005150539,No data for Isoptope Ratio Diff From Expected xcm,N/A
141,NA,No data for Formula xcm,39050.37314,250,305.1205232,305.1056487,-48.74949106,7.073766708,7.052276547,0.021490162,No data for Isoptope Ratio Diff From Expected xcm,N/A
142,NA,No data for Formula xcm,423753.0607,250,306.3064803,306.3070332,1.804898924,6.98813343,6.993983965,0.005850535,No data for Isoptope Ratio Diff From Expected xcm,N/A
143,NA,No data for Formula xcm,326544.6449,250,308.2424104,308.2429232,1.663468648,7.716249943,7.726426943,0.010177,No data for Isoptope Ratio Diff From Expected xcm,N/A
144,NA,No data for Formula xcm,2783628.669,250,309.2271548,309.2272693,0.370192608,7.30251646,7.311469899,0.008953439,No data for Isoptope Ratio Diff From Expected xcm,N/A
145,NA,No data for Formula xcm,147407.5459,250,310.2221195,310.2223002,0.582378239,7.057566643,7.068166268,0.010599625,No data for Isoptope Ratio Diff From Expected xcm,N/A
146,NA,No data for Formula xcm,531571.5512,250,310.2239499,310.2301468,19.97575435,7.370500088,7.319382808,0.05111728,No data for Isoptope Ratio Diff From Expected xcm,N/A
147,NA,No data for Formula xcm,376017.0024,250,311.2064851,311.2070098,1.685858738,6.603366852,6.590168628,0.013198224,No data for Isoptope Ratio Diff From Expected xcm,N/A
148,NA,No data for Formula xcm,782263.3741,250,312.2378239,312.2380486,0.719566538,7.062049866,7.094344587,0.032294721,No data for Isoptope Ratio Diff From Expected xcm,N/A
149,NA,No data for Formula xcm,313624.8249,250,313.1977854,313.1978004,0.047892497,7.753283501,7.720118902,0.033164598,No data for Isoptope Ratio Diff From Expected xcm,N/A
150,NA,No data for Formula xcm,1454929.317,250,313.3214945,313.3216697,0.559271488,7.117866516,7.113239069,0.004627447,No data for Isoptope Ratio Diff From Expected xcm,N/A
151,NA,No data for Formula xcm,843165.4324,250,314.2176574,314.2175454,-0.356507355,6.315283298,6.324808588,0.009525289,No data for Isoptope Ratio Diff From Expected xcm,N/A
152,NA,No data for Formula xcm,341153.5895,250,315.2340684,315.2342417,0.549804003,10.3260498,10.33291219,0.006862382,No data for Isoptope Ratio Diff From Expected xcm,N/A
153,NA,No data for Formula xcm,58047.83694,250,317.1566436,317.1568955,0.794190967,6.641816616,6.64587753,0.004060914,No data for Isoptope Ratio Diff From Expected xcm,N/A
154,NA,No data for Formula xcm,848642.9565,250,317.1934103,317.1938787,1.476730487,7.062049866,7.094329557,0.032279691,No data for Isoptope Ratio Diff From Expected xcm,N/A
155,NA,No data for Formula xcm,516852.4528,250,319.1729381,319.1729908,0.165178115,6.32248354,6.323846283,0.001362743,No data for Isoptope Ratio Diff From Expected xcm,N/A
156,NA,No data for Formula xcm,223805.4757,250,321.2265095,321.227014,1.570408442,7.487133503,7.54695807,0.059824567,No data for Isoptope Ratio Diff From Expected xcm,N/A
157,NA,No data for Formula xcm,359073.1459,250,323.2427696,323.2424227,-1.073341354,7.670866489,7.688830853,0.017964363,No data for Isoptope Ratio Diff From Expected xcm,N/A
158,NA,No data for Formula xcm,321257.375,250,324.2380689,324.2379654,-0.319028745,7.277349949,7.291450164,0.014100215,No data for Isoptope Ratio Diff From Expected xcm,N/A
159,NA,No data for Formula xcm,740862.556,250,325.1828924,325.1830637,0.526666013,8.131299973,8.126708113,0.00459186,No data for Isoptope Ratio Diff From Expected xcm,N/A
160,NA,No data for Formula xcm,649600.4071,250,325.2221216,325.2223866,0.815117576,6.83983326,6.860062756,0.020229497,No data for Isoptope Ratio Diff From Expected xcm,N/A
161,NA,No data for Formula xcm,2342628.5,250,326.2537328,326.2537453,0.038483032,7.320616722,7.320849512,0.00023279,No data for Isoptope Ratio Diff From Expected xcm,N/A
162,NA,No data for Formula xcm,17721412.24,250,326.3782654,326.3782453,-0.061516677,7.210333347,7.228353574,0.018020226,No data for Isoptope Ratio Diff From Expected xcm,N/A
163,NA,No data for Formula xcm,260743,250,326.7350612,326.7348948,-0.509226139,7.246650219,7.234475923,0.012174296,No data for Isoptope Ratio Diff From Expected xcm,N/A
164,NA,No data for Formula xcm,9087.339578,250,327.0854843,327.0867526,3.87754297,6.651533127,6.795505276,0.143972149,No data for Isoptope Ratio Diff From Expected xcm,N/A
165,NA,No data for Formula xcm,6159480.987,250,327.3816469,327.3820099,1.108621311,7.375966549,7.22620485,0.149761699,No data for Isoptope Ratio Diff From Expected xcm,N/A
166,NA,No data for Formula xcm,944693.5793,250,328.2334639,328.2333531,-0.337503463,6.603366852,6.600129533,0.003237319,No data for Isoptope Ratio Diff From Expected xcm,N/A
167,NA,No data for Formula xcm,764366.7906,250,328.3847162,328.3847928,0.233164871,7.228816509,7.226812627,0.002003883,No data for Isoptope Ratio Diff From Expected xcm,N/A
168,NA,No data for Formula xcm,216578.9487,250,329.1930972,329.193731,1.925515517,7.296299934,7.253104481,0.043195454,No data for Isoptope Ratio Diff From Expected xcm,N/A
169,NA,No data for Formula xcm,640448.9649,250,330.2276928,330.2272151,-1.446556571,5.988533497,5.985572098,0.002961399,No data for Isoptope Ratio Diff From Expected xcm,N/A
170,NA,No data for Formula xcm,52293.53048,250,331.1676556,331.1723996,14.32496821,6.214350224,6.423535988,0.209185764,No data for Isoptope Ratio Diff From Expected xcm,N/A
171,NA,No data for Formula xcm,2700361.74,250,331.2091584,331.2092135,0.166514568,7.284100056,7.316178284,0.032078228,No data for Isoptope Ratio Diff From Expected xcm,N/A
172,NA,No data for Formula xcm,646950.4022,250,331.2297479,331.2296796,-0.206325789,8.149700165,8.156413194,0.006713029,No data for Isoptope Ratio Diff From Expected xcm,N/A
173,NA,No data for Formula xcm,306233.0659,250,331.2451357,331.2092135,-108.4460355,7.475716591,7.328033753,0.147682838,No data for Isoptope Ratio Diff From Expected xcm,N/A
174,NA,No data for Formula xcm,4483997.412,250,332.3313,332.3314966,0.591563968,7.136433125,7.149480154,0.01304703,No data for Isoptope Ratio Diff From Expected xcm,N/A
175,NA,No data for Formula xcm,660595.6786,250,333.1886518,333.1887732,0.364526082,6.603366852,6.601893484,0.001473368,No data for Isoptope Ratio Diff From Expected xcm,N/A
176,NA,No data for Formula xcm,354310.3996,250,335.2420573,335.2425792,1.556793725,7.744883537,7.738470207,0.00641333,No data for Isoptope Ratio Diff From Expected xcm,N/A
177,NA,No data for Formula xcm,316967.0596,250,337.2583958,337.257768,-1.861468096,7.835516453,7.860944681,0.025428229,No data for Isoptope Ratio Diff From Expected xcm,N/A
178,NA,No data for Formula xcm,645282.3154,250,338.2530631,338.2534637,1.184391206,7.560916901,7.55137024,0.009546661,No data for Isoptope Ratio Diff From Expected xcm,N/A
179,NA,No data for Formula xcm,343436.0177,250,339.237548,339.2375906,0.125585729,7.099299908,7.110270002,0.010970094,No data for Isoptope Ratio Diff From Expected xcm,N/A
180,NA,No data for Formula xcm,798311.4607,250,340.2690197,340.2692955,0.810688564,7.670866489,7.688007677,0.017141187,No data for Isoptope Ratio Diff From Expected xcm,N/A
181,NA,No data for Formula xcm,523566.0114,250,340.357265,340.3579825,2.10786353,6.895533562,6.938220811,0.04268725,No data for Isoptope Ratio Diff From Expected xcm,N/A
182,NA,No data for Formula xcm,91794.8697,250,341.2427653,341.2435247,2.225322263,6.147550106,6.15332328,0.005773174,No data for Isoptope Ratio Diff From Expected xcm,N/A
183,NA,No data for Formula xcm,205083.8924,250,341.3525983,341.3533756,2.27714897,7.265766621,7.266771215,0.001004595,No data for Isoptope Ratio Diff From Expected xcm,N/A
184,NA,No data for Formula xcm,1056401.189,250,342.2487423,342.2489454,0.59357253,6.83983326,6.85751202,0.017678761,No data for Isoptope Ratio Diff From Expected xcm,N/A
185,NA,No data for Formula xcm,501657.3137,250,342.3734277,342.3734579,0.088181294,7.061966896,7.03347785,0.028489046,No data for Isoptope Ratio Diff From Expected xcm,N/A
186,NA,No data for Formula xcm,379914.8511,250,343.208268,343.2087268,1.336790963,7.542616844,7.552299228,0.009682384,No data for Isoptope Ratio Diff From Expected xcm,N/A
187,NA,No data for Formula xcm,200397.919,250,343.2514162,343.2526173,3.499206714,6.858333111,6.855296364,0.003036747,No data for Isoptope Ratio Diff From Expected xcm,N/A
188,NA,No data for Formula xcm,75868.14537,250,345.1882238,345.1886229,1.156082243,6.747833252,6.743844838,0.003988414,No data for Isoptope Ratio Diff From Expected xcm,N/A
189,NA,No data for Formula xcm,524331.6855,250,345.2246233,345.2246881,0.187705378,7.670866489,7.685567298,0.014700809,No data for Isoptope Ratio Diff From Expected xcm,N/A
190,NA,No data for Formula xcm,1156670.89,250,347.2043489,347.2044031,0.156004244,6.83983326,6.85690858,0.01707532,No data for Isoptope Ratio Diff From Expected xcm,N/A
191,NA,No data for Formula xcm,205763.4135,250,348.2075219,348.2081417,1.779714978,6.878600121,6.853025399,0.025574722,No data for Isoptope Ratio Diff From Expected xcm,N/A
192,NA,No data for Formula xcm,161596.723,250,348.2917894,348.2926234,2.394527561,6.823516846,6.790782782,0.032734064,No data for Isoptope Ratio Diff From Expected xcm,N/A
193,NA,No data for Formula xcm,247439.9457,250,349.2581126,349.2580725,-0.114719058,7.890316486,7.890334264,1.78E-05,No data for Isoptope Ratio Diff From Expected xcm,N/A
194,NA,No data for Formula xcm,81530,250,351.2738152,351.2740319,0.616967602,8.036166191,8.048948205,0.012782014,No data for Isoptope Ratio Diff From Expected xcm,N/A
195,NA,No data for Formula xcm,679757.8177,250,352.2693692,352.269354,-0.043143068,7.726650238,7.73691288,0.010262642,No data for Isoptope Ratio Diff From Expected xcm,N/A
196,NA,No data for Formula xcm,496135.533,250,353.2532899,353.2533324,0.120155374,7.320866585,7.335315171,0.014448587,No data for Isoptope Ratio Diff From Expected xcm,N/A
197,NA,No data for Formula xcm,5129.13574,250,354.0964412,354.1208389,68.90148005,6.576316833,6.775894193,0.199577359,No data for Isoptope Ratio Diff From Expected xcm,N/A
198,NA,No data for Formula xcm,450448.126,250,354.285007,354.2852445,0.670444458,7.853750229,7.864568271,0.010818042,No data for Isoptope Ratio Diff From Expected xcm,N/A
199,NA,No data for Formula xcm,82948.90293,250,355.2329794,355.232996,0.046752394,6.67539978,6.683010427,0.007610647,No data for Isoptope Ratio Diff From Expected xcm,N/A
200,NA,No data for Formula xcm,828570.9446,250,356.2643054,356.2646166,0.873657501,7.099299908,7.118113596,0.018813688,No data for Isoptope Ratio Diff From Expected xcm,N/A
201,NA,No data for Formula xcm,568159.9019,250,356.3529491,356.3528709,-0.219321744,6.842033386,6.846959177,0.00492579,No data for Isoptope Ratio Diff From Expected xcm,N/A
202,NA,No data for Formula xcm,515278.7052,250,357.2239459,357.2240619,0.324704884,7.744883537,7.739260101,0.005623436,No data for Isoptope Ratio Diff From Expected xcm,N/A
203,NA,No data for Formula xcm,147130.3313,250,357.2674775,357.2678104,0.931750989,7.117866516,7.116992247,0.000874269,No data for Isoptope Ratio Diff From Expected xcm,N/A
204,NA,No data for Formula xcm,271888.2766,250,358.2440696,358.2434858,-1.629457056,6.4232831,6.419245287,0.004037814,No data for Isoptope Ratio Diff From Expected xcm,N/A
205,NA,No data for Formula xcm,269651.9453,250,358.3681086,358.3685225,1.154937149,6.823516846,6.832739859,0.009223014,No data for Isoptope Ratio Diff From Expected xcm,N/A
206,NA,No data for Formula xcm,93488.73296,250,359.2030344,359.2042726,3.44706758,7.039133549,7.061711272,0.022577724,No data for Isoptope Ratio Diff From Expected xcm,N/A
207,NA,No data for Formula xcm,330673.0926,250,359.240319,359.2408213,1.39824501,7.853750229,7.867215034,0.013464805,No data for Isoptope Ratio Diff From Expected xcm,N/A
208,NA,No data for Formula xcm,861131.546,250,360.3625965,360.3626997,0.286393644,7.30251646,7.303956651,0.001440191,No data for Isoptope Ratio Diff From Expected xcm,N/A
209,NA,No data for Formula xcm,658401.5481,250,361.2196458,361.219692,0.127671098,7.099299908,7.115260142,0.015960235,No data for Isoptope Ratio Diff From Expected xcm,N/A
210,NA,No data for Formula xcm,254952.2113,250,361.3655509,361.3655622,0.031259819,7.302050114,7.300102334,0.00194778,No data for Isoptope Ratio Diff From Expected xcm,N/A
211,NA,No data for Formula xcm,130953.0085,250,363.1908004,363.1987869,21.9898257,6.176366806,6.401787657,0.225420851,No data for Isoptope Ratio Diff From Expected xcm,N/A
212,NA,No data for Formula xcm,358781.935,250,366.2846289,366.2846818,0.144478659,7.900366783,7.903745839,0.003379056,No data for Isoptope Ratio Diff From Expected xcm,N/A
213,NA,No data for Formula xcm,3147858.843,250,367.2692531,367.269385,0.359190088,7.505400181,7.504391594,0.001008586,No data for Isoptope Ratio Diff From Expected xcm,N/A
214,NA,No data for Formula xcm,257201.2369,250,367.368165,367.3683551,0.517198268,7.320866585,7.319748439,0.001118146,No data for Isoptope Ratio Diff From Expected xcm,N/A
215,NA,No data for Formula xcm,146393.6911,250,368.3001082,368.3009646,2.325294595,8.036166191,8.04548134,0.009315149,No data for Isoptope Ratio Diff From Expected xcm,N/A
216,NA,No data for Formula xcm,1100944.794,250,370.2799093,370.2801065,0.532662109,7.339166641,7.342063854,0.002897213,No data for Isoptope Ratio Diff From Expected xcm,N/A
217,NA,No data for Formula xcm,133880.5033,250,370.3316502,370.3316598,0.025736744,9.576167107,9.615951159,0.039784052,No data for Isoptope Ratio Diff From Expected xcm,N/A
218,NA,No data for Formula xcm,270320.2308,250,371.2394135,371.2402543,2.264747311,7.918766499,7.89441681,0.024349688,No data for Isoptope Ratio Diff From Expected xcm,N/A
219,NA,No data for Formula xcm,205194.0528,250,371.2831369,371.2835195,1.030552834,7.339099884,7.340157246,0.001057362,No data for Isoptope Ratio Diff From Expected xcm,N/A
220,NA,No data for Formula xcm,319407.2864,250,372.2594029,372.2595168,0.306053973,6.67539978,6.685784361,0.01038458,No data for Isoptope Ratio Diff From Expected xcm,N/A
221,NA,No data for Formula xcm,164012.2162,250,373.2188416,373.2196364,2.129533675,7.288566589,7.32352138,0.03495479,No data for Isoptope Ratio Diff From Expected xcm,N/A
222,NA,No data for Formula xcm,918622.4733,250,375.2354344,375.2354527,0.048996684,7.30251646,7.344041503,0.041525043,No data for Isoptope Ratio Diff From Expected xcm,N/A
223,NA,No data for Formula xcm,238073.8336,250,377.2142542,377.1953539,-50.10483577,7.140100002,7.278611026,0.138511024,No data for Isoptope Ratio Diff From Expected xcm,N/A
224,NA,No data for Formula xcm,161562.6114,250,377.214412,377.2143847,-0.072290181,6.67539978,6.675018308,0.000381472,No data for Isoptope Ratio Diff From Expected xcm,N/A
225,NA,No data for Formula xcm,317586.6488,250,381.2845162,381.2844632,-0.138932543,7.817166805,7.85154636,0.034379555,No data for Isoptope Ratio Diff From Expected xcm,N/A
226,NA,No data for Formula xcm,591138.1792,250,382.2798239,382.2798464,0.059008923,7.468649864,7.50870918,0.040059316,No data for Isoptope Ratio Diff From Expected xcm,N/A
227,NA,No data for Formula xcm,574450.4506,250,383.2637306,383.2641823,1.178531277,7.136433125,7.138346631,0.001913507,No data for Isoptope Ratio Diff From Expected xcm,N/A
228,NA,No data for Formula xcm,4291295.029,250,384.2957433,384.2958723,0.335670665,7.487183571,7.502424014,0.015240443,No data for Isoptope Ratio Diff From Expected xcm,N/A
229,NA,No data for Formula xcm,926420.0241,250,385.2983306,385.2990506,1.868682363,7.493383408,7.502550898,0.00916749,No data for Isoptope Ratio Diff From Expected xcm,N/A
230,NA,No data for Formula xcm,351554.3593,250,386.2748962,386.2755678,1.738500318,6.92956686,6.92200714,0.007559721,No data for Isoptope Ratio Diff From Expected xcm,N/A
231,NA,No data for Formula xcm,389549.1452,250,387.2353462,387.2350162,-0.852192708,7.450266838,7.480822502,0.030555664,No data for Isoptope Ratio Diff From Expected xcm,N/A
232,NA,No data for Formula xcm,344163.1714,250,388.3935992,388.3938926,0.755479848,7.431866646,7.415068122,0.016798524,No data for Isoptope Ratio Diff From Expected xcm,N/A
233,NA,No data for Formula xcm,4080044.222,250,389.2510577,389.2511745,0.300166021,7.505400181,7.507000357,0.001600176,No data for Isoptope Ratio Diff From Expected xcm,N/A
234,NA,No data for Formula xcm,842826.9294,250,390.2536768,390.2546215,2.420662191,7.519999981,7.507505481,0.0124945,No data for Isoptope Ratio Diff From Expected xcm,N/A
235,NA,No data for Formula xcm,229356.8781,250,391.2301074,391.2308628,1.930904465,6.914150238,6.919898711,0.005748472,No data for Isoptope Ratio Diff From Expected xcm,N/A
236,NA,No data for Formula xcm,3612379.307,250,392.2877436,392.2876558,-0.223939938,11.67108345,11.48357465,0.187508801,No data for Isoptope Ratio Diff From Expected xcm,N/A
237,NA,No data for Formula xcm,991671.2173,250,394.2222511,394.2222867,0.090182258,7.302050114,7.286109253,0.01594086,No data for Isoptope Ratio Diff From Expected xcm,N/A
238,NA,No data for Formula xcm,247688.7668,250,395.2257235,395.2255328,-0.482648812,7.246650219,7.284722444,0.038072225,No data for Isoptope Ratio Diff From Expected xcm,N/A
239,NA,No data for Formula xcm,69064.49564,250,396.2948378,396.2954994,1.669354535,5.767916679,5.763433168,0.004483512,No data for Isoptope Ratio Diff From Expected xcm,N/A
240,NA,No data for Formula xcm,609088.6577,250,396.2952625,396.2948644,-1.0046873,7.708216667,7.725992159,0.017775492,No data for Isoptope Ratio Diff From Expected xcm,N/A
241,NA,No data for Formula xcm,267915.2548,250,397.2795114,397.2793677,-0.361787439,7.30251646,7.343698496,0.041182035,No data for Isoptope Ratio Diff From Expected xcm,N/A
242,NA,No data for Formula xcm,1018507.927,250,398.3111093,398.3114637,0.889796731,7.817166805,7.848792648,0.031625843,No data for Isoptope Ratio Diff From Expected xcm,N/A
243,NA,No data for Formula xcm,460711.4695,250,399.1776001,399.1777432,0.358449329,7.302050114,7.28249346,0.019556654,No data for Isoptope Ratio Diff From Expected xcm,N/A
244,NA,No data for Formula xcm,1127710.444,250,400.290406,400.2905108,0.261716381,7.154866695,7.136924926,0.01794177,No data for Isoptope Ratio Diff From Expected xcm,N/A
245,NA,No data for Formula xcm,253265.5543,250,401.2936603,401.2940572,0.98908085,7.136050224,7.136531213,0.000480988,No data for Isoptope Ratio Diff From Expected xcm,N/A
246,NA,No data for Formula xcm,625987.5864,250,403.2668436,403.2669802,0.33861911,7.835516453,7.852272462,0.016756009,No data for Isoptope Ratio Diff From Expected xcm,N/A
247,NA,No data for Formula xcm,1095246.977,250,405.2459066,405.2461254,0.539976074,7.117866516,7.134063328,0.016196812,No data for Isoptope Ratio Diff From Expected xcm,N/A
248,NA,No data for Formula xcm,218270.964,250,407.2990477,407.2999547,2.226754859,8.05426693,8.043631091,0.010635839,No data for Isoptope Ratio Diff From Expected xcm,N/A
249,NA,No data for Formula xcm,564048.8965,250,410.3111094,410.3110133,-0.234223931,7.89196682,7.90110902,0.009142201,No data for Isoptope Ratio Diff From Expected xcm,N/A
250,NA,No data for Formula xcm,450466.4639,250,411.295089,411.2946572,-1.049702636,7.634133339,7.520652472,0.113480867,No data for Isoptope Ratio Diff From Expected xcm,N/A
251,NA,No data for Formula xcm,477732.0694,250,412.3264727,412.3268423,0.896359103,7.999616623,8.025987022,0.026370399,No data for Isoptope Ratio Diff From Expected xcm,N/A
252,NA,No data for Formula xcm,779126.1863,250,414.3060775,414.306205,0.307716932,7.339166641,7.353204915,0.014038274,No data for Isoptope Ratio Diff From Expected xcm,N/A
253,NA,No data for Formula xcm,306246.0973,250,417.2820643,417.2827688,1.688503502,8.018033028,8.033978281,0.015945254,No data for Isoptope Ratio Diff From Expected xcm,N/A
254,NA,No data for Formula xcm,523252.9787,250,419.2616503,419.2616099,-0.096412171,7.339166641,7.356846198,0.017679557,No data for Isoptope Ratio Diff From Expected xcm,N/A
255,NA,No data for Formula xcm,63037.39276,250,421.2323334,421.2406769,19.80728781,6.499766827,6.700779891,0.201013065,No data for Isoptope Ratio Diff From Expected xcm,N/A
256,NA,No data for Formula xcm,517601.6131,250,424.3267309,424.3269713,0.566545663,8.057766914,8.056082778,0.001684136,No data for Isoptope Ratio Diff From Expected xcm,N/A
257,NA,No data for Formula xcm,3104899.897,250,425.3108683,425.3108792,0.02564972,7.798883438,7.66688754,0.131995898,No data for Isoptope Ratio Diff From Expected xcm,N/A
258,NA,No data for Formula xcm,922936.9463,250,426.310658,426.3130832,5.688878308,7.63465023,7.627477922,0.007172309,No data for Isoptope Ratio Diff From Expected xcm,N/A
259,NA,No data for Formula xcm,110885.296,250,426.3417096,426.3426379,2.177334565,8.200566292,8.197758235,0.002808056,No data for Isoptope Ratio Diff From Expected xcm,N/A
260,NA,No data for Formula xcm,174305.7419,250,427.2900424,427.2904822,1.029340661,7.136433125,7.172838648,0.036405523,No data for Isoptope Ratio Diff From Expected xcm,N/A
261,NA,No data for Formula xcm,1329887.073,250,428.3217741,428.3216227,-0.353418059,7.670866489,7.532497306,0.138369184,No data for Isoptope Ratio Diff From Expected xcm,N/A
262,NA,No data for Formula xcm,430102.1159,250,429.2818617,429.2823488,1.134726591,8.057766914,8.047565683,0.010201231,No data for Isoptope Ratio Diff From Expected xcm,N/A
263,NA,No data for Formula xcm,202704.2637,250,430.3003104,430.3023348,4.704505903,6.932683468,6.977566787,0.044883319,No data for Isoptope Ratio Diff From Expected xcm,N/A
264,NA,No data for Formula xcm,112652.7651,250,431.296908,431.2969498,0.097012558,8.182383537,8.190180078,0.007796541,No data for Isoptope Ratio Diff From Expected xcm,N/A
265,NA,No data for Formula xcm,110464.9334,250,433.2327526,433.2334904,1.702940463,6.558016777,6.572321197,0.01430442,No data for Isoptope Ratio Diff From Expected xcm,N/A
266,NA,No data for Formula xcm,242437.2423,250,439.3264109,439.3264857,0.170262045,7.981483459,7.994667413,0.013183953,No data for Isoptope Ratio Diff From Expected xcm,N/A
267,NA,No data for Formula xcm,751375.7538,250,440.3213447,440.3214814,0.310359841,7.671616554,7.68019286,0.008576306,No data for Isoptope Ratio Diff From Expected xcm,N/A
268,NA,No data for Formula xcm,607940.4417,250,441.3057495,441.3059736,0.507957673,7.339166641,7.353433554,0.014266913,No data for Isoptope Ratio Diff From Expected xcm,N/A
269,NA,No data for Formula xcm,5222764.767,250,442.3375388,442.3376947,0.352429226,7.653166771,7.665142646,0.011975875,No data for Isoptope Ratio Diff From Expected xcm,N/A
270,NA,No data for Formula xcm,1439929.973,250,443.3406197,443.3411271,1.144531875,7.802649975,7.666884862,0.135765113,No data for Isoptope Ratio Diff From Expected xcm,N/A
271,NA,No data for Formula xcm,6876.768121,250,444.1278705,444.1111221,-37.71087979,6.214350224,6.410528906,0.196178683,No data for Isoptope Ratio Diff From Expected xcm,N/A
272,NA,No data for Formula xcm,525125.9885,250,444.3166548,444.3172293,1.292951068,7.117866516,7.159736228,0.041869712,No data for Isoptope Ratio Diff From Expected xcm,N/A
273,NA,No data for Formula xcm,332331.3964,250,445.2783207,445.2765376,-4.004453108,7.552033424,7.661904184,0.109870759,No data for Isoptope Ratio Diff From Expected xcm,N/A
274,NA,No data for Formula xcm,45670.38552,250,446.289717,446.2956511,13.29656545,6.678549767,6.566356317,0.112193449,No data for Isoptope Ratio Diff From Expected xcm,N/A
275,NA,No data for Formula xcm,3575554.071,250,447.2931489,447.2929827,-0.371451022,7.817166805,7.669254183,0.147912622,No data for Isoptope Ratio Diff From Expected xcm,N/A
276,NA,No data for Formula xcm,330008.8601,250,449.2720977,449.2727832,1.525777232,7.154866695,7.16061267,0.005745974,No data for Isoptope Ratio Diff From Expected xcm,N/A
277,NA,No data for Formula xcm,248675.6524,250,453.3416226,453.3250924,-36.4629971,8.163999557,8.23101382,0.067014262,No data for Isoptope Ratio Diff From Expected xcm,N/A
278,NA,No data for Formula xcm,986315.4032,250,456.3526292,456.3526506,0.046865824,7.981483459,7.99677682,0.015293361,No data for Isoptope Ratio Diff From Expected xcm,N/A
279,NA,No data for Formula xcm,262739.6003,250,457.3560437,457.3562547,0.461453706,8.00494957,7.995431952,0.009517617,No data for Isoptope Ratio Diff From Expected xcm,N/A
280,NA,No data for Formula xcm,1378860.969,250,458.3324018,458.3324544,0.114885063,7.357500076,7.357272166,0.000227911,No data for Isoptope Ratio Diff From Expected xcm,N/A
281,NA,No data for Formula xcm,576653.4195,250,461.3087908,461.3083048,-1.053614472,7.981483459,7.997033893,0.015550434,No data for Isoptope Ratio Diff From Expected xcm,N/A
282,NA,No data for Formula xcm,1162955.554,250,463.2878078,463.2877026,-0.227002182,7.357616901,7.360194486,0.002577585,No data for Isoptope Ratio Diff From Expected xcm,N/A
283,NA,No data for Formula xcm,29680,250,467.3569934,467.3580823,2.330078371,8.346982956,8.322851147,0.024131809,No data for Isoptope Ratio Diff From Expected xcm,N/A
284,NA,No data for Formula xcm,543038.0234,250,468.3525086,468.35292,0.878437376,8.057766914,8.049182889,0.008584025,No data for Isoptope Ratio Diff From Expected xcm,N/A
285,NA,No data for Formula xcm,425633.5677,250,469.3368482,469.3367681,-0.170685834,7.798883438,7.706353093,0.092530345,No data for Isoptope Ratio Diff From Expected xcm,N/A
286,NA,No data for Formula xcm,453664.2018,250,470.3320303,470.3316767,-0.751937931,7.524116516,7.517360716,0.0067558,No data for Isoptope Ratio Diff From Expected xcm,N/A
287,NA,No data for Formula xcm,380292.9796,250,470.3680004,470.3684739,1.006672031,8.163999557,8.171238974,0.007239416,No data for Isoptope Ratio Diff From Expected xcm,N/A
288,NA,No data for Formula xcm,108264.2886,250,471.3712069,471.3723911,2.51223736,8.200566292,8.162487513,0.038078779,No data for Isoptope Ratio Diff From Expected xcm,N/A
289,NA,No data for Formula xcm,864386.0418,250,472.3476577,472.3478883,0.488193693,7.615699768,7.5854384,0.030261368,No data for Isoptope Ratio Diff From Expected xcm,N/A
290,NA,No data for Formula xcm,444286.2095,250,477.3035045,477.3029125,-1.240202165,7.670866489,7.551757284,0.119109206,No data for Isoptope Ratio Diff From Expected xcm,N/A
291,NA,No data for Formula xcm,471224.4801,250,482.3685021,482.368619,0.242349936,8.186666489,8.18751334,0.000846851,No data for Isoptope Ratio Diff From Expected xcm,N/A
292,NA,No data for Formula xcm,2183861.442,250,483.3524328,483.3523305,-0.211689205,7.945016861,7.80456375,0.140453111,No data for Isoptope Ratio Diff From Expected xcm,N/A
293,NA,No data for Formula xcm,840914.6827,250,484.3509672,484.3517598,1.636554268,7.763183117,7.739459387,0.02372373,No data for Isoptope Ratio Diff From Expected xcm,N/A
294,NA,No data for Formula xcm,223865.6266,250,485.3314139,485.3314439,0.06173956,7.376299858,7.375799457,0.000500401,No data for Isoptope Ratio Diff From Expected xcm,N/A
295,NA,No data for Formula xcm,1556928.751,250,486.3635209,486.3634647,-0.115578501,7.798883438,7.813095501,0.014212063,No data for Isoptope Ratio Diff From Expected xcm,N/A
296,NA,No data for Formula xcm,397702.2558,250,487.3228136,487.3239063,2.242154874,8.200566292,8.193991464,0.006574827,No data for Isoptope Ratio Diff From Expected xcm,N/A
297,NA,No data for Formula xcm,263174.4523,250,488.3428114,488.3437803,1.983953362,7.154866695,7.181745759,0.026879063,No data for Isoptope Ratio Diff From Expected xcm,N/A
298,NA,No data for Formula xcm,187454.4438,250,489.2821416,489.3033122,43.26880252,7.771783352,7.676050769,0.095732583,No data for Isoptope Ratio Diff From Expected xcm,N/A
299,NA,No data for Formula xcm,67690.97509,250,490.4831428,490.4823619,-1.592162877,7.413249969,7.424973963,0.011723993,No data for Isoptope Ratio Diff From Expected xcm,N/A
300,NA,No data for Formula xcm,111016.471,250,491.284985,491.2744125,-21.52012791,7.456533432,7.640137846,0.183604414,No data for Isoptope Ratio Diff From Expected xcm,N/A
301,NA,No data for Formula xcm,678100.0438,250,491.3188233,491.3186238,-0.405940721,7.780650139,7.682645324,0.098004815,No data for Isoptope Ratio Diff From Expected xcm,N/A
302,NA,No data for Formula xcm,131366.8407,250,493.2976995,493.2978183,0.240794351,7.136433125,7.160321166,0.023888041,No data for Isoptope Ratio Diff From Expected xcm,N/A
303,NA,No data for Formula xcm,161114.9193,250,497.3678329,497.3675599,-0.548930473,8.127083778,8.126325317,0.000758462,No data for Isoptope Ratio Diff From Expected xcm,N/A
304,NA,No data for Formula xcm,593502.7274,250,498.3631207,498.3633682,0.496547265,7.799966812,7.825300361,0.025333549,No data for Isoptope Ratio Diff From Expected xcm,N/A
305,NA,No data for Formula xcm,722345.9718,250,499.3472609,499.3474572,0.393219149,7.487133503,7.503801747,0.016668244,No data for Isoptope Ratio Diff From Expected xcm,N/A
306,NA,No data for Formula xcm,4674821.335,250,500.3792,500.3795113,0.622014365,7.945016861,7.808636814,0.136380047,No data for Isoptope Ratio Diff From Expected xcm,N/A
307,NA,No data for Formula xcm,1323195.651,250,501.3819716,501.3827563,1.565057723,7.949450016,7.808664322,0.140785694,No data for Isoptope Ratio Diff From Expected xcm,N/A
308,NA,No data for Formula xcm,539527.2682,250,502.3585206,502.3587549,0.46639107,7.357616901,7.371129245,0.013512344,No data for Isoptope Ratio Diff From Expected xcm,N/A
309,NA,No data for Formula xcm,205872.8325,250,503.2980537,503.3190594,41.7361279,8.01051712,7.839291979,0.171225141,No data for Isoptope Ratio Diff From Expected xcm,N/A
310,NA,No data for Formula xcm,2739063.46,250,505.3346106,505.3349125,0.597545927,7.945016861,7.814115048,0.130901813,No data for Isoptope Ratio Diff From Expected xcm,N/A
311,NA,No data for Formula xcm,307729.9081,250,506.3090682,506.3383085,57.75190489,7.790233135,7.812269737,0.022036602,No data for Isoptope Ratio Diff From Expected xcm,N/A
312,NA,No data for Formula xcm,394693.6869,250,507.3141011,507.3137268,-0.737767014,7.357616901,7.373544664,0.015927763,No data for Isoptope Ratio Diff From Expected xcm,N/A
313,NA,No data for Formula xcm,13728,250,511.2001746,511.2008398,1.301345758,7.604849815,7.605080749,0.000230934,No data for Isoptope Ratio Diff From Expected xcm,N/A
314,NA,No data for Formula xcm,133358.2692,250,512.3795309,512.3799307,0.780386957,6.18388319,6.177907983,0.005975207,No data for Isoptope Ratio Diff From Expected xcm,N/A
315,NA,No data for Formula xcm,288341.9905,250,514.3582467,514.3585227,0.536623071,7.524116516,7.519353947,0.004762569,No data for Isoptope Ratio Diff From Expected xcm,N/A
316,NA,No data for Formula xcm,772433.0056,250,514.3942381,514.3942726,0.067122406,8.127083778,8.133350913,0.006267135,No data for Isoptope Ratio Diff From Expected xcm,N/A
317,NA,No data for Formula xcm,1743938.203,250,516.3740759,516.3742409,0.31946737,7.524116516,7.506581976,0.01753454,No data for Isoptope Ratio Diff From Expected xcm,N/A
318,NA,No data for Formula xcm,477310.1269,250,517.3768373,517.3775807,1.436743428,7.468683243,7.505857787,0.037174544,No data for Isoptope Ratio Diff From Expected xcm,N/A
319,NA,No data for Formula xcm,67048.90913,250,518.4054982,518.3792214,-50.68783529,7.281549931,7.467094926,0.185544996,No data for Isoptope Ratio Diff From Expected xcm,N/A
320,NA,No data for Formula xcm,23175.38491,250,519.2764687,519.3132506,70.83303327,7.411683559,7.477614218,0.065930659,No data for Isoptope Ratio Diff From Expected xcm,N/A
321,NA,No data for Formula xcm,507871.881,250,519.349558,519.3500516,0.950356821,8.127083778,8.13242037,0.005336591,No data for Isoptope Ratio Diff From Expected xcm,N/A
322,NA,No data for Formula xcm,1349641.023,250,521.3294594,521.3295404,0.155431822,7.524116516,7.501812455,0.022304061,No data for Isoptope Ratio Diff From Expected xcm,N/A
323,NA,No data for Formula xcm,439078.2696,250,526.3938789,526.3946111,1.390845221,8.149700165,8.183506048,0.033805883,No data for Isoptope Ratio Diff From Expected xcm,N/A
324,NA,No data for Formula xcm,351937.2914,250,527.3782097,527.3776302,-1.098771433,7.945016861,7.943281148,0.001735713,No data for Isoptope Ratio Diff From Expected xcm,N/A
325,NA,No data for Formula xcm,522499.9478,250,528.3743521,528.3737269,-1.183249171,7.689916611,7.679638838,0.010277773,No data for Isoptope Ratio Diff From Expected xcm,N/A
326,NA,No data for Formula xcm,139742.0173,250,528.4094437,528.4098242,0.719927826,8.310299873,8.301305881,0.008993992,No data for Isoptope Ratio Diff From Expected xcm,N/A
327,NA,No data for Formula xcm,1041263.375,250,530.3895174,530.3892727,-0.46138784,7.798883438,7.807705271,0.008821833,No data for Isoptope Ratio Diff From Expected xcm,N/A
328,NA,No data for Formula xcm,379526.0737,250,531.3491881,531.3498472,1.240401723,8.186666489,8.186879975,0.000213486,No data for Isoptope Ratio Diff From Expected xcm,N/A
329,NA,No data for Formula xcm,41802.37554,250,534.3056495,534.3309494,47.35099074,7.437383175,7.628937628,0.191554453,No data for Isoptope Ratio Diff From Expected xcm,N/A
330,NA,No data for Formula xcm,96315.64742,250,534.5088568,534.5084917,-0.683107695,7.431783199,7.43329826,0.001515061,No data for Isoptope Ratio Diff From Expected xcm,N/A
331,NA,No data for Formula xcm,121787.3249,250,536.3475192,536.3489995,2.759993415,7.762383461,7.738140421,0.02424304,No data for Isoptope Ratio Diff From Expected xcm,N/A
332,NA,No data for Formula xcm,1402841.932,250,541.3936792,541.3941895,0.942465575,8.090600014,7.936039546,0.154560468,No data for Isoptope Ratio Diff From Expected xcm,N/A
333,NA,No data for Formula xcm,190343.0244,250,543.3733926,543.373662,0.495720388,7.487133503,7.515489828,0.028356325,No data for Isoptope Ratio Diff From Expected xcm,N/A
334,NA,No data for Formula xcm,1347834.113,250,544.4046946,544.4048446,0.275589381,7.945016861,7.911649086,0.033367774,No data for Isoptope Ratio Diff From Expected xcm,N/A
335,NA,No data for Formula xcm,358448.7375,250,546.3611,546.3611,0.574268463,23.77055,23.77055,0.010760522,No data for Isoptope Ratio Diff From Expected xcm,N/A
336,NA,No data for Formula xcm,117707.3694,250,548.3834399,548.3825608,-1.60319532,8.530883789,8.501954231,0.028929558,No data for Isoptope Ratio Diff From Expected xcm,N/A
337,NA,No data for Formula xcm,722359.4636,250,549.3608668,549.3609921,0.228068246,7.963300228,7.947548492,0.015751736,No data for Isoptope Ratio Diff From Expected xcm,N/A
338,NA,No data for Formula xcm,301133.4669,250,550.5039411,550.5045202,1.051958834,7.284100056,7.284755875,0.000655819,No data for Isoptope Ratio Diff From Expected xcm,N/A
339,NA,No data for Formula xcm,212310.8998,250,551.3396054,551.3404793,1.585164785,7.376299858,7.383255278,0.00695542,No data for Isoptope Ratio Diff From Expected xcm,N/A
340,NA,No data for Formula xcm,263072.676,250,552.2647974,552.2650621,0.47918392,7.357500076,7.366721672,0.009221596,No data for Isoptope Ratio Diff From Expected xcm,N/A
341,NA,No data for Formula xcm,109548.8999,250,555.408914,555.4103163,2.524682619,8.255433083,8.264100172,0.00866709,No data for Isoptope Ratio Diff From Expected xcm,N/A
342,NA,No data for Formula xcm,14243.47358,250,557.1786956,557.219677,73.55168338,7.604849815,7.413266667,0.191583149,No data for Isoptope Ratio Diff From Expected xcm,N/A
343,NA,No data for Formula xcm,830361.0264,250,557.3889254,557.3893403,0.744382395,7.615699768,7.634269607,0.018569839,No data for Isoptope Ratio Diff From Expected xcm,N/A
344,NA,No data for Formula xcm,379867.8165,250,558.3892371,558.3896668,0.76953593,7.597750187,7.614123278,0.016373091,No data for Isoptope Ratio Diff From Expected xcm,N/A
345,NA,No data for Formula xcm,3551073.74,250,558.4208501,558.420993,0.255801433,7.928733349,7.936768836,0.008035487,No data for Isoptope Ratio Diff From Expected xcm,N/A
346,NA,No data for Formula xcm,1062081.738,250,559.4239096,559.4244381,0.944664846,8.108866692,7.934847064,0.174019627,No data for Isoptope Ratio Diff From Expected xcm,N/A
347,NA,No data for Formula xcm,576897.67,250,560.3997141,560.3999719,0.459959793,7.524116516,7.522873021,0.001243495,No data for Isoptope Ratio Diff From Expected xcm,N/A
348,NA,No data for Formula xcm,2277717.672,250,563.3758328,563.3761721,0.602285192,8.090600014,7.94122821,0.149371804,No data for Isoptope Ratio Diff From Expected xcm,N/A
349,NA,No data for Formula xcm,342448.7768,250,565.3551445,565.3553185,0.307873618,7.487133503,7.514176411,0.027042908,No data for Isoptope Ratio Diff From Expected xcm,N/A
350,NA,No data for Formula xcm,102116.0646,250,570.3949148,570.3962908,2.412227273,8.512533188,8.493258451,0.019274737,No data for Isoptope Ratio Diff From Expected xcm,N/A
351,NA,No data for Formula xcm,122361.625,250,570.4214934,570.4214929,-0.000775874,6.311066628,6.318894991,0.007828364,No data for Isoptope Ratio Diff From Expected xcm,N/A
352,NA,No data for Formula xcm,433072.8639,250,572.399735,572.3999266,0.334660964,7.671616554,7.65864117,0.012975385,No data for Isoptope Ratio Diff From Expected xcm,N/A
353,NA,No data for Formula xcm,409445.7037,250,572.4355755,572.435501,-0.130161112,8.255433083,8.260058138,0.004625056,No data for Isoptope Ratio Diff From Expected xcm,N/A
354,NA,No data for Formula xcm,211583.1122,250,573.4386828,573.4387747,0.160266623,8.237050056,8.25242913,0.015379073,No data for Isoptope Ratio Diff From Expected xcm,N/A
355,NA,No data for Formula xcm,2184347.414,250,574.4161708,574.4160808,-0.156634465,7.616166592,7.628891658,0.012725066,No data for Isoptope Ratio Diff From Expected xcm,N/A
356,NA,No data for Formula xcm,389259.4416,250,578.5349926,578.5352203,0.393594779,7.357616901,7.374731598,0.017114697,No data for Isoptope Ratio Diff From Expected xcm,N/A
357,NA,No data for Formula xcm,1650215.841,250,579.3711964,579.3711808,-0.026788201,7.63465023,7.62909554,0.005554691,No data for Isoptope Ratio Diff From Expected xcm,N/A
358,NA,No data for Formula xcm,538239.1162,250,580.3736209,580.3741746,0.954021457,7.578750134,7.625379557,0.046629424,No data for Isoptope Ratio Diff From Expected xcm,N/A
359,NA,No data for Formula xcm,268471.1896,250,585.4196642,585.4211326,2.508284674,8.05426693,7.954340324,0.099926606,No data for Isoptope Ratio Diff From Expected xcm,N/A
360,NA,No data for Formula xcm,551234.5743,250,586.4154522,586.4157521,0.51146814,7.83708334,7.804710916,0.032372424,No data for Isoptope Ratio Diff From Expected xcm,N/A
361,NA,No data for Formula xcm,311858.0256,250,586.9054632,586.9073581,3.228588698,8.237050056,8.234622667,0.002427389,No data for Isoptope Ratio Diff From Expected xcm,N/A
362,NA,No data for Formula xcm,1093909.714,250,588.4310439,588.4312388,0.331149116,7.945016861,7.948491949,0.003475088,No data for Isoptope Ratio Diff From Expected xcm,N/A
363,NA,No data for Formula xcm,244311.4867,250,590.4110006,590.411392,0.662921325,7.357500076,7.392655694,0.035155617,No data for Isoptope Ratio Diff From Expected xcm,N/A
364,NA,No data for Formula xcm,583004.0843,250,593.3864818,593.3872645,1.319090278,7.945016861,7.949852832,0.004835971,No data for Isoptope Ratio Diff From Expected xcm,N/A
365,NA,No data for Formula xcm,334837.564,250,593.9137985,593.9145612,1.284234442,8.383616447,8.333598432,0.050018015,No data for Isoptope Ratio Diff From Expected xcm,N/A
366,NA,No data for Formula xcm,987158.3103,250,599.4360263,599.4363034,0.462253419,8.057766914,8.060635445,0.002868531,No data for Isoptope Ratio Diff From Expected xcm,N/A
367,NA,No data for Formula xcm,1063952.373,250,602.4461866,602.446634,0.742782171,8.072449684,8.084791254,0.01234157,No data for Isoptope Ratio Diff From Expected xcm,N/A
368,NA,No data for Formula xcm,377670.2247,250,604.4260911,604.4259942,-0.160377778,7.524116516,7.522661807,0.001454709,No data for Isoptope Ratio Diff From Expected xcm,N/A
369,NA,No data for Formula xcm,621043.2119,250,607.4026,607.4026951,0.156638211,8.072449684,8.086331229,0.013881545,No data for Isoptope Ratio Diff From Expected xcm,N/A
370,NA,No data for Formula xcm,208371.0656,250,614.4216806,614.4215718,-0.17706404,8.457366943,8.443853084,0.013513859,No data for Isoptope Ratio Diff From Expected xcm,N/A
371,NA,No data for Formula xcm,1168296.226,250,615.4305954,615.4315153,1.494711978,7.744100094,7.7493365,0.005236406,No data for Isoptope Ratio Diff From Expected xcm,N/A
372,NA,No data for Formula xcm,378548.3389,250,615.9269449,615.9282438,2.108941633,8.346982956,8.318668625,0.028314331,No data for Isoptope Ratio Diff From Expected xcm,N/A
373,NA,No data for Formula xcm,603911.7408,250,616.4330749,616.4322053,-1.410713477,7.725683212,7.735815756,0.010132544,No data for Isoptope Ratio Diff From Expected xcm,N/A
374,NA,No data for Formula xcm,2740188.407,250,616.4626222,616.4628019,0.291452106,8.057766914,8.06249162,0.004724705,No data for Isoptope Ratio Diff From Expected xcm,N/A
375,NA,No data for Formula xcm,535371.5573,250,618.4407943,618.4412985,0.815294348,7.762383461,7.645033869,0.117349592,No data for Isoptope Ratio Diff From Expected xcm,N/A
376,NA,No data for Formula xcm,108808.5294,250,621.3730919,621.3820695,14.44803455,7.608816624,7.647096649,0.038280026,No data for Isoptope Ratio Diff From Expected xcm,N/A
377,NA,No data for Formula xcm,1772617.057,250,621.4179762,621.418066,0.144447238,8.057766914,8.064925017,0.007158102,No data for Isoptope Ratio Diff From Expected xcm,N/A
378,NA,No data for Formula xcm,645479.9279,250,622.419647,622.421901,3.62138872,8.218766212,8.067626657,0.151139555,No data for Isoptope Ratio Diff From Expected xcm,N/A
379,NA,No data for Formula xcm,223923.0657,250,622.9343356,622.9354415,1.775413009,8.475733757,8.435802011,0.039931746,No data for Isoptope Ratio Diff From Expected xcm,N/A
380,NA,No data for Formula xcm,649511.2598,250,624.2950104,624.2950536,0.069195866,7.839449883,7.856745196,0.017295314,No data for Isoptope Ratio Diff From Expected xcm,N/A
381,NA,No data for Formula xcm,213885.9708,250,629.4457775,629.4450675,-1.12808266,8.036166191,8.074091583,0.037925392,No data for Isoptope Ratio Diff From Expected xcm,N/A
382,NA,No data for Formula xcm,532469.7323,250,630.4417363,630.4426572,1.460783914,7.781650066,7.773443958,0.008206109,No data for Isoptope Ratio Diff From Expected xcm,N/A
383,NA,No data for Formula xcm,2740489.799,250,632.4576204,632.4580338,0.653763345,7.726650238,7.743996126,0.017345888,No data for Isoptope Ratio Diff From Expected xcm,N/A
384,NA,No data for Formula xcm,272825.0367,250,635.4321828,635.4327166,0.84005957,8.40225029,8.427698565,0.025448275,No data for Isoptope Ratio Diff From Expected xcm,N/A
385,NA,No data for Formula xcm,2009854.941,250,637.4130029,637.4133426,0.532865138,7.744883537,7.745482822,0.000599285,No data for Isoptope Ratio Diff From Expected xcm,N/A
386,NA,No data for Formula xcm,222458.8597,250,643.4610508,643.4607964,-0.395389109,8.200566292,8.05590247,0.144663822,No data for Isoptope Ratio Diff From Expected xcm,N/A
387,NA,No data for Formula xcm,306169.2041,250,644.9477582,644.9486999,1.4601174,8.439049721,8.408040585,0.031009136,No data for Isoptope Ratio Diff From Expected xcm,N/A
388,NA,No data for Formula xcm,941172.6924,250,646.4719392,646.4731442,1.863938933,8.036166191,8.074041236,0.037875045,No data for Isoptope Ratio Diff From Expected xcm,N/A
389,NA,No data for Formula xcm,5797.164236,250,647.1876624,647.1907595,4.785431223,12.18176651,12.01786159,0.16390492,No data for Isoptope Ratio Diff From Expected xcm,N/A
390,NA,No data for Formula xcm,511046.0173,250,651.4277348,651.428671,1.437147627,8.072449684,8.075321369,0.002871684,No data for Isoptope Ratio Diff From Expected xcm,N/A
391,NA,No data for Formula xcm,59702.94232,250,657.4573092,657.4424846,-22.54838832,7.608816624,7.76546997,0.156653346,No data for Isoptope Ratio Diff From Expected xcm,N/A
392,NA,No data for Formula xcm,621804.6339,250,657.4778779,657.477831,-0.071283267,8.168167114,8.184725553,0.016558439,No data for Isoptope Ratio Diff From Expected xcm,N/A
393,NA,No data for Formula xcm,106639.868,250,659.4729161,659.457301,-23.67817499,7.589966774,7.746644485,0.156677711,No data for Isoptope Ratio Diff From Expected xcm,N/A
394,NA,No data for Formula xcm,683733.2888,250,660.4873333,660.4885001,1.766591238,8.163999557,8.206875721,0.042876164,No data for Isoptope Ratio Diff From Expected xcm,N/A
395,NA,No data for Formula xcm,60278.42104,250,661.4796953,661.4571365,-34.10359271,7.608816624,7.68128142,0.072464797,No data for Isoptope Ratio Diff From Expected xcm,N/A
396,NA,No data for Formula xcm,375092.5624,250,666.9595402,666.9615201,2.968471837,8.420583725,8.388642631,0.031941094,No data for Isoptope Ratio Diff From Expected xcm,N/A
397,NA,No data for Formula xcm,1098888.693,250,673.4724443,673.472846,0.596419545,7.873766899,7.853450141,0.020316758,No data for Isoptope Ratio Diff From Expected xcm,N/A
398,NA,No data for Formula xcm,1687760.897,250,674.5042926,674.5047587,0.691104373,8.205033302,8.181235187,0.023798116,No data for Isoptope Ratio Diff From Expected xcm,N/A
399,NA,No data for Formula xcm,659698.2522,250,675.5070818,675.5075918,0.754928048,8.168167114,8.180855984,0.012688869,No data for Isoptope Ratio Diff From Expected xcm,N/A
400,NA,No data for Formula xcm,648062.5437,250,676.4831626,676.4839209,1.120841603,7.890316486,7.910005045,0.019688558,No data for Isoptope Ratio Diff From Expected xcm,N/A
401,NA,No data for Formula xcm,296962.553,250,677.58092,677.5815896,0.98822183,9.669933319,9.654224366,0.015708953,No data for Isoptope Ratio Diff From Expected xcm,N/A
402,NA,No data for Formula xcm,1189582.751,250,679.4592543,679.4595134,0.381351056,8.168167114,8.184197308,0.016030194,No data for Isoptope Ratio Diff From Expected xcm,N/A
403,NA,No data for Formula xcm,310390.2484,250,681.4381569,681.439752,2.340796159,7.890316486,7.863497789,0.026818697,No data for Isoptope Ratio Diff From Expected xcm,N/A
404,NA,No data for Formula xcm,121391.8195,250,687.4864051,687.4875553,1.673043919,8.163999557,8.182564261,0.018564704,No data for Isoptope Ratio Diff From Expected xcm,N/A
405,NA,No data for Formula xcm,388967.8639,250,688.9744566,688.9748391,0.555152816,8.40861702,8.377185958,0.031431062,No data for Isoptope Ratio Diff From Expected xcm,N/A
406,NA,No data for Formula xcm,2623705.331,250,690.4992025,690.4996429,0.637832012,7.855583191,7.852245379,0.003337812,No data for Isoptope Ratio Diff From Expected xcm,N/A
407,NA,No data for Formula xcm,1981607.619,250,695.4550438,695.455213,0.243347277,7.873766899,7.859977641,0.013789258,No data for Isoptope Ratio Diff From Expected xcm,N/A
408,NA,No data for Formula xcm,322391.4541,250,695.9815309,695.9823247,1.140641646,8.512533188,8.485631704,0.026901484,No data for Isoptope Ratio Diff From Expected xcm,N/A
409,NA,No data for Formula xcm,678647.7037,250,704.5136438,704.5145951,1.350306358,8.163999557,8.188632028,0.02463247,No data for Isoptope Ratio Diff From Expected xcm,N/A
410,NA,No data for Formula xcm,384313.7989,250,709.4689442,709.4703111,1.926663202,8.182383537,8.194494123,0.012110586,No data for Isoptope Ratio Diff From Expected xcm,N/A
411,NA,No data for Formula xcm,206523.5712,250,716.521173,716.5201463,-1.43289256,8.166433334,8.287085929,0.120652595,No data for Isoptope Ratio Diff From Expected xcm,N/A
412,NA,No data for Formula xcm,353672.5708,250,717.9950977,717.9962315,1.579211101,8.445549965,8.466660016,0.021110051,No data for Isoptope Ratio Diff From Expected xcm,N/A
413,NA,No data for Formula xcm,421207.8289,250,718.5288372,718.530008,1.629399062,8.346982956,8.180151709,0.166831247,No data for Isoptope Ratio Diff From Expected xcm,N/A
414,NA,No data for Formula xcm,787775.54,250,731.5142537,731.5151283,1.19558212,7.946966648,7.956133557,0.009166909,No data for Isoptope Ratio Diff From Expected xcm,N/A
415,NA,No data for Formula xcm,566019.8802,250,732.5133955,732.5142853,1.214695058,7.928733349,7.934949022,0.006215673,No data for Isoptope Ratio Diff From Expected xcm,N/A
416,NA,No data for Formula xcm,843054.1062,250,732.5463933,732.5463718,-0.02937947,8.29766655,8.295368467,0.002298082,No data for Isoptope Ratio Diff From Expected xcm,N/A
417,NA,No data for Formula xcm,758789.6369,250,737.5002827,737.500702,0.568471145,8.29766655,8.30335085,0.0056843,No data for Isoptope Ratio Diff From Expected xcm,N/A
418,NA,No data for Formula xcm,360459.8876,250,740.0087205,740.0093197,0.809707344,8.427000046,8.445898578,0.018898533,No data for Isoptope Ratio Diff From Expected xcm,N/A
419,NA,No data for Formula xcm,1971200.844,250,748.5409443,748.5408292,-0.153788595,7.946966648,7.95659788,0.009631232,No data for Isoptope Ratio Diff From Expected xcm,N/A
420,NA,No data for Formula xcm,1585951.269,250,753.4965656,753.4965021,-0.084203227,7.946966648,7.957720354,0.010753705,No data for Isoptope Ratio Diff From Expected xcm,N/A
421,NA,No data for Formula xcm,7318.721373,250,758.4450386,758.457591,16.55023448,7.361166477,7.299677108,0.061489369,No data for Isoptope Ratio Diff From Expected xcm,N/A
422,NA,No data for Formula xcm,305083.0766,250,767.5110263,767.5115697,0.70801547,8.310299873,8.316268776,0.005968903,No data for Isoptope Ratio Diff From Expected xcm,N/A
423,NA,No data for Formula xcm,14345.52857,250,779.4581568,779.4567473,-1.808296798,8.355999947,8.316066667,0.03993328,No data for Isoptope Ratio Diff From Expected xcm,N/A
424,NA,No data for Formula xcm,513081.5237,250,789.5543977,789.556727,2.950189209,8.05426693,8.05479257,0.00052564,No data for Isoptope Ratio Diff From Expected xcm,N/A
425,NA,No data for Formula xcm,363447.5662,250,791.0427888,791.0429972,0.263500778,8.519516945,8.518602416,0.000914529,No data for Isoptope Ratio Diff From Expected xcm,N/A
426,NA,No data for Formula xcm,598900.72,250,792.5660816,792.5667384,0.828712236,8.108866692,8.145432508,0.036565817,No data for Isoptope Ratio Diff From Expected xcm,N/A
